/*
 Navicat Premium Data Transfer

 Source Server         : localhost
 Source Server Type    : MySQL
 Source Server Version : 50620
 Source Host           : 127.0.0.1
 Source Database       : graduationproject

 Target Server Type    : MySQL
 Target Server Version : 50620
 File Encoding         : utf-8

 Date: 02/15/2016 17:08:14 PM
*/

SET NAMES utf8;
SET FOREIGN_KEY_CHECKS = 0;

-- ----------------------------
--  Table structure for `affair`
-- ----------------------------
DROP TABLE IF EXISTS `affair`;
CREATE TABLE `affair` (
  `id` int(10) NOT NULL AUTO_INCREMENT,
  `period` int(5) DEFAULT NULL,
  `work` varchar(50) DEFAULT NULL,
  `start` datetime DEFAULT NULL,
  `end` datetime DEFAULT NULL,
  `columns` varchar(50) DEFAULT NULL,
  PRIMARY KEY (`id`)
) ENGINE=InnoDB AUTO_INCREMENT=23 DEFAULT CHARSET=utf8;

-- ----------------------------
--  Records of `affair`
-- ----------------------------
BEGIN;
INSERT INTO `affair` VALUES ('20', '2015', '设置项目信息，请各位教师录入中、英文题目、项目来源和毕业设计类型', '2014-03-11 19:07:00', '2014-03-30 23:55:00', '9,10,13,22'), ('22', '2015', '开题是否通过', '2014-03-22 20:19:43', '2014-03-30 09:10:00', '17');
COMMIT;

-- ----------------------------
--  Table structure for `data`
-- ----------------------------
DROP TABLE IF EXISTS `data`;
CREATE TABLE `data` (
  `period` int(5) DEFAULT NULL,
  `college` varchar(40) DEFAULT NULL,
  `major` varchar(40) DEFAULT NULL,
  `className` varchar(40) DEFAULT NULL,
  `sid` int(10) NOT NULL,
  `sname` varchar(10) DEFAULT NULL,
  `tel` varchar(20) DEFAULT NULL,
  `grade` int(5) DEFAULT NULL,
  `status` varchar(5) DEFAULT NULL,
  `ctitle` varchar(100) DEFAULT NULL,
  `etitle` varchar(100) DEFAULT NULL,
  `score` int(5) DEFAULT NULL,
  `tid` int(10) DEFAULT NULL,
  `origin` varchar(20) DEFAULT NULL,
  `startTime` date DEFAULT NULL,
  `firstStartGroup` int(5) DEFAULT NULL,
  `secondStartTime` date DEFAULT NULL,
  `secondStartGroup` int(5) DEFAULT NULL,
  `startQuestion` longtext,
  `startPassed` int(1) DEFAULT NULL,
  `endTime` date DEFAULT NULL,
  `endGroup` int(5) DEFAULT NULL,
  `secondEndTime` date DEFAULT NULL,
  `endQuestion` longtext,
  `endPassed` int(1) DEFAULT NULL,
  `type` varchar(10) DEFAULT NULL,
  PRIMARY KEY (`sid`)
) ENGINE=InnoDB DEFAULT CHARSET=utf8;

-- ----------------------------
--  Records of `data`
-- ----------------------------
BEGIN;
INSERT INTO `data` VALUES ('2015', '信息与计算机工程学院', '计算机科学与技术', '计算机2班', '20094689', '陈明胜', '13385478952', '2010', '在籍', 'Android系统3D重力球勇闯迷宫大冒险小游戏', 'Rebel Android system 3D Gravity Ball Maze Adventure Games', null, '100003', '科研项目', null, null, null, null, null, null, null, null, null, null, null, '设计'), ('2015', '信息与计算机工程学院', '计算机科学与技术', '计算机3班', '20104345', '阿海龙', '15202365217', '2010', '在籍', 'Android系统3D重力球勇闯迷宫大冒险小游戏', 'Rebel Android system 3D Gravity Ball Maze Adventure Games', null, '100009', '科研项目', null, null, null, null, null, null, null, null, null, null, null, '设计'), ('2015', '信息与计算机工程学院', '计算机科学与技术', '计算机1班', '20104346', '曹欣昀', '13385478952', '2010', '在籍', 'Android系统3D重力球勇闯迷宫大冒险小游戏', 'Rebel Android system 3D Gravity Ball Maze Adventure Games', null, '100008', '科研项目', null, null, null, null, null, null, null, null, null, null, null, '设计'), ('2015', '信息与计算机工程学院', '计算机科学与技术', '计算机2班', '20104347', '曹有芳', '13385478952', '2010', '在籍', 'Android系统3D重力球勇闯迷宫大冒险小游戏', 'Rebel Android system 3D Gravity Ball Maze Adventure Games', null, '100011', '科研项目', null, null, null, null, null, null, null, null, null, null, null, '设计'), ('2015', '信息与计算机工程学院', '计算机科学与技术', '计算机3班', '20104348', '陈菲菲', '13385478952', '2010', '在籍', 'Android系统3D重力球勇闯迷宫大冒险小游戏', 'Rebel Android system 3D Gravity Ball Maze Adventure Games', null, '100009', '科研项目', null, null, null, null, null, null, null, null, null, null, null, '设计'), ('2015', '信息与计算机工程学院', '计算机科学与技术', '计算机3班', '20104349', '陈祥斌', '18695487412', '2010', '在籍', 'Android系统3D重力球勇闯迷宫大冒险小游戏', 'Rebel Android system 3D Gravity Ball Maze Adventure Games', null, '100008', '科研项目', null, null, null, null, null, null, null, null, null, null, null, '设计'), ('2015', '信息与计算机工程学院', '计算机科学与技术', '计算机3班', '20104350', '陈雨佳', '13385478952', '2010', '在籍', 'Android系统3D重力球勇闯迷宫大冒险小游戏', 'Rebel Android system 3D Gravity Ball Maze Adventure Games', null, '100013', '科研项目', null, null, null, null, null, null, null, null, null, null, null, '设计'), ('2015', '信息与计算机工程学院', '计算机科学与技术', '计算机1班', '20104351', '褚磊', '13385478952', '2010', '在籍', 'Android系统3D重力球勇闯迷宫大冒险小游戏', 'Rebel Android system 3D Gravity Ball Maze Adventure Games', null, '100013', '科研项目', null, null, null, null, null, null, null, null, null, null, null, '设计'), ('2015', '信息与计算机工程学院', '计算机科学与技术', '计算机1班', '20104352', '丁广路', '13526974582', '2010', '在籍', 'Android系统3D重力球勇闯迷宫大冒险小游戏', 'Rebel Android system 3D Gravity Ball Maze Adventure Games', null, '100013', '科研项目', null, null, null, null, null, null, null, null, null, null, null, '设计'), ('2015', '信息与计算机工程学院', '计算机科学与技术', '计算机3班', '20104353', '董新明', '18695487412', '2010', '在籍', 'Android系统3D重力球勇闯迷宫大冒险小游戏', 'Rebel Android system 3D Gravity Ball Maze Adventure Games', null, '100001', '科研项目', null, null, null, null, null, null, null, null, null, null, null, '设计'), ('2015', '信息与计算机工程学院', '计算机科学与技术', '计算机1班', '20104354', '冯光凯', '13385478952', '2010', '在籍', 'Android系统3D重力球勇闯迷宫大冒险小游戏', 'Rebel Android system 3D Gravity Ball Maze Adventure Games', null, '100011', '科研项目', null, null, null, null, null, null, null, null, null, null, null, '设计'), ('2015', '信息与计算机工程学院', '计算机科学与技术', '计算机1班', '20104355', '高晓燕', '13385478952', '2010', '在籍', 'Android系统3D重力球勇闯迷宫大冒险小游戏', 'Rebel Android system 3D Gravity Ball Maze Adventure Games', null, '100014', '科研项目', null, null, null, null, null, null, null, null, null, null, null, '设计'), ('2015', '信息与计算机工程学院', '计算机科学与技术', '计算机1班', '20104356', '高乙童', '13385478952', '2010', '在籍', 'Android系统3D重力球勇闯迷宫大冒险小游戏', 'Rebel Android system 3D Gravity Ball Maze Adventure Games', null, '100003', '科研项目', null, null, null, null, null, null, null, null, null, null, null, '设计'), ('2015', '信息与计算机工程学院', '计算机科学与技术', '计算机2班', '20104357', '宫宇', '13385478952', '2010', '在籍', 'Android系统3D重力球勇闯迷宫大冒险小游戏', 'Rebel Android system 3D Gravity Ball Maze Adventure Games', null, '100006', '科研项目', null, null, null, null, null, null, null, null, null, null, null, '设计'), ('2015', '信息与计算机工程学院', '计算机科学与技术', '计算机1班', '20104359', '郭柯娜', '13385478952', '2010', '在籍', 'Android系统3D重力球勇闯迷宫大冒险小游戏', 'Rebel Android system 3D Gravity Ball Maze Adventure Games', null, '100012', '科研项目', null, null, null, null, null, null, null, null, null, null, null, '设计'), ('2015', '信息与计算机工程学院', '计算机科学与技术', '计算机3班', '20104360', '何志强', '18695487412', '2010', '在籍', 'Android系统3D重力球勇闯迷宫大冒险小游戏', 'Rebel Android system 3D Gravity Ball Maze Adventure Games', null, '100013', '科研项目', null, null, null, null, null, null, null, null, null, null, null, '设计'), ('2015', '信息与计算机工程学院', '计算机科学与技术', '计算机2班', '20104361', '侯莹', '13385478952', '2010', '在籍', 'Android系统3D重力球勇闯迷宫大冒险小游戏', 'Rebel Android system 3D Gravity Ball Maze Adventure Games', null, '100009', '科研项目', null, null, null, null, null, null, null, null, null, null, null, '设计'), ('2015', '信息与计算机工程学院', '计算机科学与技术', '计算机1班', '20104362', '胡立坤', '13385478952', '2010', '在籍', 'Android系统3D重力球勇闯迷宫大冒险小游戏', 'Rebel Android system 3D Gravity Ball Maze Adventure Games', null, '100014', '科研项目', null, null, null, null, null, null, null, null, null, null, null, '设计'), ('2015', '信息与计算机工程学院', '计算机科学与技术', '计算机2班', '20104363', '黄泽群', '13526974582', '2010', '在籍', 'Android系统3D重力球勇闯迷宫大冒险小游戏', 'Rebel Android system 3D Gravity Ball Maze Adventure Games', null, '100013', '科研项目', null, null, null, null, null, null, null, null, null, null, null, '设计'), ('2015', '信息与计算机工程学院', '计算机科学与技术', '计算机1班', '20104364', '黄志标', '13526974582', '2010', '在籍', 'Android系统3D重力球勇闯迷宫大冒险小游戏', 'Rebel Android system 3D Gravity Ball Maze Adventure Games', null, '100007', '科研项目', null, null, null, null, null, null, null, null, null, null, null, '设计'), ('2015', '信息与计算机工程学院', '计算机科学与技术', '计算机1班', '20104365', '及旭', '13385478952', '2010', '在籍', 'Android系统3D重力球勇闯迷宫大冒险小游戏', 'Rebel Android system 3D Gravity Ball Maze Adventure Games', null, '100005', '科研项目', null, null, null, null, null, null, null, null, null, null, null, '设计'), ('2015', '信息与计算机工程学院', '计算机科学与技术', '计算机1班', '20104366', '江露', '13385478952', '2010', '在籍', 'Android系统3D重力球勇闯迷宫大冒险小游戏', 'Rebel Android system 3D Gravity Ball Maze Adventure Games', null, '100003', '科研项目', null, null, null, null, null, null, null, null, null, null, null, '设计'), ('2015', '信息与计算机工程学院', '计算机科学与技术', '计算机3班', '20104367', '焦媛', '14815842102', '2010', '在籍', 'Android系统3D重力球勇闯迷宫大冒险小游戏', 'Rebel Android system 3D Gravity Ball Maze Adventure Games', null, '100014', '科研项目', null, null, null, null, null, null, null, null, null, null, null, '设计'), ('2015', '信息与计算机工程学院', '计算机科学与技术', '计算机3班', '20104368', '金辉', '18695487412', '2010', '在籍', 'Android系统3D重力球勇闯迷宫大冒险小游戏', 'Rebel Android system 3D Gravity Ball Maze Adventure Games', null, '100010', '科研项目', null, null, null, null, null, null, null, null, null, null, null, '设计'), ('2015', '信息与计算机工程学院', '计算机科学与技术', '计算机1班', '20104369', '鞠继超', '13385478952', '2010', '在籍', 'Android系统3D重力球勇闯迷宫大冒险小游戏', 'Rebel Android system 3D Gravity Ball Maze Adventure Games', null, '100003', '科研项目', null, null, null, null, null, null, null, null, null, null, null, '设计'), ('2015', '信息与计算机工程学院', '计算机科学与技术', '计算机3班', '20104370', '李安君', '18695487412', '2010', '在籍', 'Android系统3D重力球勇闯迷宫大冒险小游戏', 'Rebel Android system 3D Gravity Ball Maze Adventure Games', null, '100009', '科研项目', null, null, null, null, null, null, null, null, null, null, null, '设计'), ('2015', '信息与计算机工程学院', '计算机科学与技术', '计算机3班', '20104371', '李百强', '13385478952', '2010', '在籍', 'Android系统3D重力球勇闯迷宫大冒险小游戏', 'Rebel Android system 3D Gravity Ball Maze Adventure Games', null, '100005', '科研项目', null, null, null, null, null, null, null, null, null, null, null, '设计'), ('2015', '信息与计算机工程学院', '计算机科学与技术', '计算机3班', '20104372', '李欢', '15202365217', '2010', '在籍', 'Android系统3D重力球勇闯迷宫大冒险小游戏', 'Rebel Android system 3D Gravity Ball Maze Adventure Games', null, '100011', '科研项目', null, null, null, null, null, null, null, null, null, null, null, '设计'), ('2015', '信息与计算机工程学院', '计算机科学与技术', '计算机2班', '20104373', '李健', '13385478952', '2010', '在籍', 'Android系统3D重力球勇闯迷宫大冒险小游戏', 'Rebel Android system 3D Gravity Ball Maze Adventure Games', null, '100003', '科研项目', null, null, null, null, null, null, null, null, null, null, null, '设计'), ('2015', '信息与计算机工程学院', '计算机科学与技术', '计算机3班', '20104375', '李默', '18695487412', '2010', '在籍', 'Android系统3D重力球勇闯迷宫大冒险小游戏', 'Rebel Android system 3D Gravity Ball Maze Adventure Games', null, '100012', '科研项目', null, null, null, null, null, null, null, null, null, null, null, '设计'), ('2015', '信息与计算机工程学院', '计算机科学与技术', '计算机3班', '20104376', '李世文', '15202365217', '2010', '在籍', 'Android系统3D重力球勇闯迷宫大冒险小游戏', 'Rebel Android system 3D Gravity Ball Maze Adventure Games', null, '100012', '科研项目', null, null, null, null, null, null, null, null, null, null, null, '设计'), ('2015', '信息与计算机工程学院', '计算机科学与技术', '计算机1班', '20104377', '李晓净', '13385478952', '2010', '在籍', 'Android系统3D重力球勇闯迷宫大冒险小游戏', 'Rebel Android system 3D Gravity Ball Maze Adventure Games', null, '100014', '科研项目', null, null, null, null, null, null, null, null, null, null, null, '设计'), ('2015', '信息与计算机工程学院', '计算机科学与技术', '计算机2班', '20104378', '李勇飞', '13385478952', '2010', '在籍', 'Android系统3D重力球勇闯迷宫大冒险小游戏', 'Rebel Android system 3D Gravity Ball Maze Adventure Games', null, '100011', '科研项目', null, null, null, null, null, null, null, null, null, null, null, '设计'), ('2015', '信息与计算机工程学院', '计算机科学与技术', '计算机3班', '20104379', '廖春生', '18695487412', '2010', '在籍', 'Android系统3D重力球勇闯迷宫大冒险小游戏', 'Rebel Android system 3D Gravity Ball Maze Adventure Games', null, '100002', '科研项目', null, null, null, null, null, null, null, null, null, null, null, '设计'), ('2015', '信息与计算机工程学院', '计算机科学与技术', '计算机2班', '20104380', '廖海志', '13385478952', '2010', '在籍', 'Android系统3D重力球勇闯迷宫大冒险小游戏', 'Rebel Android system 3D Gravity Ball Maze Adventure Games', null, '100003', '科研项目', null, null, null, null, null, null, null, null, null, null, null, '设计'), ('2015', '信息与计算机工程学院', '计算机科学与技术', '计算机3班', '20104381', '刘换岭', '18695487412', '2010', '在籍', 'Android系统3D重力球勇闯迷宫大冒险小游戏', 'Rebel Android system 3D Gravity Ball Maze Adventure Games', null, '100008', '科研项目', null, null, null, null, null, null, null, null, null, null, null, '设计'), ('2015', '信息与计算机工程学院', '计算机科学与技术', '计算机3班', '20104382', '刘金环', '15548952678', '2010', '在籍', 'Android系统3D重力球勇闯迷宫大冒险小游戏', 'Rebel Android system 3D Gravity Ball Maze Adventure Games', null, '100011', '科研项目', null, null, null, null, null, null, null, null, null, null, null, '设计'), ('2015', '信息与计算机工程学院', '计算机科学与技术', '计算机3班', '20104383', '刘璐', '15548952678', '2010', '在籍', 'Android系统3D重力球勇闯迷宫大冒险小游戏', 'Rebel Android system 3D Gravity Ball Maze Adventure Games', null, '100002', '科研项目', null, null, null, null, null, null, null, null, null, null, null, '设计'), ('2015', '信息与计算机工程学院', '计算机科学与技术', '计算机3班', '20104384', '刘岩', '13385478952', '2010', '在籍', 'Android系统3D重力球勇闯迷宫大冒险小游戏', 'Rebel Android system 3D Gravity Ball Maze Adventure Games', null, '100006', '科研项目', null, null, null, null, null, null, null, null, null, null, null, '设计'), ('2015', '信息与计算机工程学院', '计算机科学与技术', '计算机2班', '20104385', '卢勇勇', '13385478952', '2010', '在籍', 'Android系统3D重力球勇闯迷宫大冒险小游戏', 'Rebel Android system 3D Gravity Ball Maze Adventure Games', null, '100004', '科研项目', null, null, null, null, null, null, null, null, null, null, null, '设计'), ('2015', '信息与计算机工程学院', '计算机科学与技术', '计算机3班', '20104386', '卢振波', '13385478952', '2010', '在籍', 'Android系统3D重力球勇闯迷宫大冒险小游戏', 'Rebel Android system 3D Gravity Ball Maze Adventure Games', null, '100015', '科研项目', null, null, null, null, null, null, null, null, null, null, null, '设计'), ('2015', '信息与计算机工程学院', '计算机科学与技术', '计算机1班', '20104387', '陆彦铭', '13385478952', '2010', '在籍', 'Android系统3D重力球勇闯迷宫大冒险小游戏', 'Rebel Android system 3D Gravity Ball Maze Adventure Games', null, '100008', '科研项目', null, null, null, null, null, null, null, null, null, null, null, '设计'), ('2015', '信息与计算机工程学院', '计算机科学与技术', '计算机3班', '20104388', '吕树鹏', '13385478952', '2010', '在籍', 'Android系统3D重力球勇闯迷宫大冒险小游戏', 'Rebel Android system 3D Gravity Ball Maze Adventure Games', null, '100012', '科研项目', null, null, null, null, null, null, null, null, null, null, null, '设计'), ('2015', '信息与计算机工程学院', '计算机科学与技术', '计算机2班', '20104389', '吕鑫鑫', '13385478952', '2010', '在籍', 'Android系统3D重力球勇闯迷宫大冒险小游戏', 'Rebel Android system 3D Gravity Ball Maze Adventure Games', null, '100001', '科研项目', null, null, null, null, null, null, null, null, null, null, null, '设计'), ('2015', '信息与计算机工程学院', '计算机科学与技术', '计算机2班', '20104390', '栾飞', '13385478952', '2010', '在籍', 'Android系统3D重力球勇闯迷宫大冒险小游戏', 'Rebel Android system 3D Gravity Ball Maze Adventure Games', null, '100005', '科研项目', null, null, null, null, null, null, null, null, null, null, null, '设计'), ('2015', '信息与计算机工程学院', '计算机科学与技术', '计算机2班', '20104391', '马芳杰', '13385478952', '2010', '在籍', 'Android系统3D重力球勇闯迷宫大冒险小游戏', 'Rebel Android system 3D Gravity Ball Maze Adventure Games', null, '100002', '科研项目', null, null, null, null, null, null, null, null, null, null, null, '设计'), ('2015', '信息与计算机工程学院', '计算机科学与技术', '计算机3班', '20104392', '马晓珍', '15548952678', '2010', '在籍', 'Android系统3D重力球勇闯迷宫大冒险小游戏', 'Rebel Android system 3D Gravity Ball Maze Adventure Games', null, '100014', '科研项目', null, null, null, null, null, null, null, null, null, null, null, '设计'), ('2015', '信息与计算机工程学院', '计算机科学与技术', '计算机1班', '20104393', '马妍娇', '13385478952', '2010', '在籍', 'Android系统3D重力球勇闯迷宫大冒险小游戏', 'Rebel Android system 3D Gravity Ball Maze Adventure Games', null, '100005', '科研项目', null, null, null, null, null, null, null, null, null, null, null, '设计'), ('2015', '信息与计算机工程学院', '计算机科学与技术', '计算机1班', '20104394', '梅振东', '13526974582', '2010', '在籍', 'Android系统3D重力球勇闯迷宫大冒险小游戏', 'Rebel Android system 3D Gravity Ball Maze Adventure Games', null, '100006', '科研项目', null, null, null, null, null, null, null, null, null, null, null, '设计'), ('2015', '信息与计算机工程学院', '计算机科学与技术', '计算机2班', '20104395', '孟佳荣', '13385478952', '2010', '在籍', 'Android系统3D重力球勇闯迷宫大冒险小游戏', 'Rebel Android system 3D Gravity Ball Maze Adventure Games', null, '100009', '科研项目', null, null, null, null, null, null, null, null, null, null, null, '设计'), ('2015', '信息与计算机工程学院', '计算机科学与技术', '计算机2班', '20104396', '孟嘉', '13385478952', '2010', '在籍', 'Android系统3D重力球勇闯迷宫大冒险小游戏', 'Rebel Android system 3D Gravity Ball Maze Adventure Games', null, '100012', '科研项目', null, null, null, null, null, null, null, null, null, null, null, '设计'), ('2015', '信息与计算机工程学院', '计算机科学与技术', '计算机1班', '20104398', '彭志远', '13385478952', '2010', '在籍', 'Android系统3D重力球勇闯迷宫大冒险小游戏', 'Rebel Android system 3D Gravity Ball Maze Adventure Games', null, '100011', '科研项目', null, null, null, null, null, null, null, null, null, null, null, '设计'), ('2015', '信息与计算机工程学院', '计算机科学与技术', '计算机2班', '20104399', '邱敏', '13385478952', '2010', '在籍', 'Android系统3D重力球勇闯迷宫大冒险小游戏', 'Rebel Android system 3D Gravity Ball Maze Adventure Games', null, '100007', '科研项目', null, null, null, null, null, null, null, null, null, null, null, '设计'), ('2015', '信息与计算机工程学院', '计算机科学与技术', '计算机2班', '20104400', '宋航', '13385478952', '2010', '在籍', 'Android系统3D重力球勇闯迷宫大冒险小游戏', 'Rebel Android system 3D Gravity Ball Maze Adventure Games', null, '100012', '科研项目', null, null, null, null, null, null, null, null, null, null, null, '设计'), ('2015', '信息与计算机工程学院', '计算机科学与技术', '计算机1班', '20104401', '宋凯', '13385478952', '2010', '在籍', 'Android系统3D重力球勇闯迷宫大冒险小游戏', 'Rebel Android system 3D Gravity Ball Maze Adventure Games', null, '100010', '科研项目', null, null, null, null, null, null, null, null, null, null, null, '设计'), ('2015', '信息与计算机工程学院', '计算机科学与技术', '计算机3班', '20104402', '隋政文', '13385478952', '2010', '在籍', 'Android系统3D重力球勇闯迷宫大冒险小游戏', 'Rebel Android system 3D Gravity Ball Maze Adventure Games', null, '100010', '科研项目', null, null, null, null, null, null, null, null, null, null, null, '设计'), ('2015', '信息与计算机工程学院', '计算机科学与技术', '计算机1班', '20104404', '田小申', '13526974582', '2010', '在籍', 'Android系统3D重力球勇闯迷宫大冒险小游戏', 'Rebel Android system 3D Gravity Ball Maze Adventure Games', null, '100002', '科研项目', null, null, null, null, null, null, null, null, null, null, null, '设计'), ('2015', '信息与计算机工程学院', '计算机科学与技术', '计算机3班', '20104405', '王超', '13385478952', '2010', '在籍', 'Android系统3D重力球勇闯迷宫大冒险小游戏', 'Rebel Android system 3D Gravity Ball Maze Adventure Games', null, '100011', '科研项目', null, null, null, null, null, null, null, null, null, null, null, '设计'), ('2015', '信息与计算机工程学院', '计算机科学与技术', '计算机2班', '20104406', '王靖宇', '13385478952', '2010', '在籍', 'Android系统3D重力球勇闯迷宫大冒险小游戏', 'Rebel Android system 3D Gravity Ball Maze Adventure Games', null, '100003', '科研项目', null, null, null, null, null, null, null, null, null, null, null, '设计'), ('2015', '信息与计算机工程学院', '计算机科学与技术', '计算机3班', '20104407', '王阳', '13385478952', '2010', '在籍', 'Android系统3D重力球勇闯迷宫大冒险小游戏', 'Rebel Android system 3D Gravity Ball Maze Adventure Games', null, '100012', '科研项目', null, null, null, null, null, null, null, null, null, null, null, '设计'), ('2015', '信息与计算机工程学院', '计算机科学与技术', '计算机2班', '20104408', '王叶', '13385478952', '2010', '在籍', 'Android系统3D重力球勇闯迷宫大冒险小游戏', 'Rebel Android system 3D Gravity Ball Maze Adventure Games', null, '100014', '科研项目', null, null, null, null, null, null, null, null, null, null, null, '设计'), ('2015', '信息与计算机工程学院', '计算机科学与技术', '计算机2班', '20104409', '王永超', '13385478952', '2010', '在籍', 'Android系统3D重力球勇闯迷宫大冒险小游戏', 'Rebel Android system 3D Gravity Ball Maze Adventure Games', null, '100002', '科研项目', null, null, null, null, null, null, null, null, null, null, null, '设计'), ('2015', '信息与计算机工程学院', '计算机科学与技术', '计算机3班', '20104410', '王月', '14815842102', '2010', '在籍', 'Android系统3D重力球勇闯迷宫大冒险小游戏', 'Rebel Android system 3D Gravity Ball Maze Adventure Games', null, '100015', '科研项目', null, null, null, null, null, null, null, null, null, null, null, '设计'), ('2015', '信息与计算机工程学院', '计算机科学与技术', '计算机3班', '20104411', '王兆丽', '14815842102', '2010', '在籍', 'Android系统3D重力球勇闯迷宫大冒险小游戏', 'Rebel Android system 3D Gravity Ball Maze Adventure Games', null, '100010', '科研项目', null, null, null, null, null, null, null, null, null, null, null, '设计'), ('2015', '信息与计算机工程学院', '计算机科学与技术', '计算机1班', '20104412', '吴利妹', '13385478952', '2010', '在籍', 'Android系统3D重力球勇闯迷宫大冒险小游戏', 'Rebel Android system 3D Gravity Ball Maze Adventure Games', null, '100015', '科研项目', null, null, null, null, null, null, null, null, null, null, null, '设计'), ('2015', '信息与计算机工程学院', '计算机科学与技术', '计算机2班', '20104413', '辛鑫', '13385478952', '2010', '在籍', 'Android系统3D重力球勇闯迷宫大冒险小游戏', 'Rebel Android system 3D Gravity Ball Maze Adventure Games', null, '100015', '科研项目', null, null, null, null, null, null, null, null, null, null, null, '设计'), ('2015', '信息与计算机工程学院', '计算机科学与技术', '计算机1班', '20104414', '熊应平', '13385478952', '2010', '在籍', 'Android系统3D重力球勇闯迷宫大冒险小游戏', 'Rebel Android system 3D Gravity Ball Maze Adventure Games', null, '100001', '科研项目', null, null, null, null, null, null, null, null, null, null, null, '设计'), ('2015', '信息与计算机工程学院', '计算机科学与技术', '计算机1班', '20104415', '徐漫', '13385478952', '2010', '在籍', 'Android系统3D重力球勇闯迷宫大冒险小游戏', 'Rebel Android system 3D Gravity Ball Maze Adventure Games', null, '100009', '科研项目', null, null, null, null, null, null, null, null, null, null, null, '设计'), ('2015', '信息与计算机工程学院', '计算机科学与技术', '计算机3班', '20104416', '杨洁', '13385478952', '2010', '在籍', 'Android系统3D重力球勇闯迷宫大冒险小游戏', 'Rebel Android system 3D Gravity Ball Maze Adventure Games', null, '100012', '科研项目', null, null, null, null, null, null, null, null, null, null, null, '设计'), ('2015', '信息与计算机工程学院', '计算机科学与技术', '计算机1班', '20104417', '杨巨', '13385478952', '2010', '在籍', 'Android系统3D重力球勇闯迷宫大冒险小游戏', 'Rebel Android system 3D Gravity Ball Maze Adventure Games', null, '100012', '科研项目', null, null, null, null, null, null, null, null, null, null, null, '设计'), ('2015', '信息与计算机工程学院', '计算机科学与技术', '计算机2班', '20104418', '杨凯', '13385478952', '2010', '在籍', 'Android系统3D重力球勇闯迷宫大冒险小游戏', 'Rebel Android system 3D Gravity Ball Maze Adventure Games', null, '100015', '科研项目', null, null, null, null, null, null, null, null, null, null, null, '设计'), ('2015', '信息与计算机工程学院', '计算机科学与技术', '计算机2班', '20104419', '姚远', '13385478952', '2010', '在籍', 'Android系统3D重力球勇闯迷宫大冒险小游戏', 'Rebel Android system 3D Gravity Ball Maze Adventure Games', null, '100004', '科研项目', null, null, null, null, null, null, null, null, null, null, null, '设计'), ('2015', '信息与计算机工程学院', '计算机科学与技术', '计算机2班', '20104420', '叶健勇', '13526974582', '2010', '在籍', 'Android系统3D重力球勇闯迷宫大冒险小游戏', 'Rebel Android system 3D Gravity Ball Maze Adventure Games', null, '100005', '科研项目', null, null, null, null, null, null, null, null, null, null, null, '设计'), ('2015', '信息与计算机工程学院', '计算机科学与技术', '计算机1班', '20104421', '尤国安', '13385478952', '2010', '在籍', 'Android系统3D重力球勇闯迷宫大冒险小游戏', 'Rebel Android system 3D Gravity Ball Maze Adventure Games', null, '100006', '科研项目', null, null, null, null, null, null, null, null, null, null, null, '设计'), ('2015', '信息与计算机工程学院', '计算机科学与技术', '计算机2班', '20104422', '占祥宇', '13385478952', '2010', '在籍', 'Android系统3D重力球勇闯迷宫大冒险小游戏', 'Rebel Android system 3D Gravity Ball Maze Adventure Games', null, '100004', '科研项目', null, null, null, null, null, null, null, null, null, null, null, '设计'), ('2015', '信息与计算机工程学院', '计算机科学与技术', '计算机3班', '20104423', '张宝婷', '15202365217', '2010', '在籍', 'Android系统3D重力球勇闯迷宫大冒险小游戏', 'Rebel Android system 3D Gravity Ball Maze Adventure Games', null, '100010', '科研项目', null, null, null, null, null, null, null, null, null, null, null, '设计'), ('2015', '信息与计算机工程学院', '计算机科学与技术', '计算机2班', '20104424', '张和彬', '13385478952', '2010', '在籍', 'Android系统3D重力球勇闯迷宫大冒险小游戏', 'Rebel Android system 3D Gravity Ball Maze Adventure Games', null, '100009', '科研项目', null, null, null, null, null, null, null, null, null, null, null, '设计'), ('2015', '信息与计算机工程学院', '计算机科学与技术', '计算机1班', '20104425', '张露露', '13385478952', '2010', '在籍', 'Android系统3D重力球勇闯迷宫大冒险小游戏', 'Rebel Android system 3D Gravity Ball Maze Adventure Games', null, '100011', '科研项目', null, null, null, null, null, null, null, null, null, null, null, '设计'), ('2015', '信息与计算机工程学院', '计算机科学与技术', '计算机1班', '20104426', '张锐', '13385478952', '2010', '在籍', 'Android系统3D重力球勇闯迷宫大冒险小游戏', 'Rebel Android system 3D Gravity Ball Maze Adventure Games', null, '100014', '科研项目', null, null, null, null, null, null, null, null, null, null, null, '设计'), ('2015', '信息与计算机工程学院', '计算机科学与技术', '计算机3班', '20104427', '张学武', '18695487412', '2010', '在籍', 'Android系统3D重力球勇闯迷宫大冒险小游戏', 'Rebel Android system 3D Gravity Ball Maze Adventure Games', null, '100007', '科研项目', null, null, null, null, null, null, null, null, null, null, null, '设计'), ('2015', '信息与计算机工程学院', '计算机科学与技术', '计算机1班', '20104428', '赵伟德', '13385478952', '2010', '在籍', 'Android系统3D重力球勇闯迷宫大冒险小游戏', 'Rebel Android system 3D Gravity Ball Maze Adventure Games', null, '100006', '科研项目', null, null, null, null, null, null, null, null, null, null, null, '设计'), ('2015', '信息与计算机工程学院', '计算机科学与技术', '计算机3班', '20104429', '赵伟健', '18695487412', '2010', '在籍', 'Android系统3D重力球勇闯迷宫大冒险小游戏', 'Rebel Android system 3D Gravity Ball Maze Adventure Games', null, '100012', '科研项目', null, null, null, null, null, null, null, null, null, null, null, '设计'), ('2015', '信息与计算机工程学院', '计算机科学与技术', '计算机2班', '20104430', '赵艳明', '13385478952', '2010', '在籍', 'Android系统3D重力球勇闯迷宫大冒险小游戏', 'Rebel Android system 3D Gravity Ball Maze Adventure Games', null, '100008', '科研项目', null, null, null, null, null, null, null, null, null, null, null, '设计'), ('2015', '信息与计算机工程学院', '计算机科学与技术', '计算机1班', '20104431', '周繁', '13385478952', '2010', '在籍', 'Android系统3D重力球勇闯迷宫大冒险小游戏', 'Rebel Android system 3D Gravity Ball Maze Adventure Games', null, '100015', '科研项目', null, null, null, null, null, null, null, null, null, null, null, '设计'), ('2015', '信息与计算机工程学院', '计算机科学与技术', '计算机2班', '20104432', '周玉勤', '13385478952', '2010', '在籍', 'Android系统3D重力球勇闯迷宫大冒险小游戏', 'Rebel Android system 3D Gravity Ball Maze Adventure Games', null, '100010', '科研项目', null, null, null, null, null, null, null, null, null, null, null, '设计'), ('2015', '信息与计算机工程学院', '计算机科学与技术', '计算机1班', '20104433', '朱秋辉', '13526974582', '2010', '在籍', 'Android系统3D重力球勇闯迷宫大冒险小游戏', 'Rebel Android system 3D Gravity Ball Maze Adventure Games', null, '100014', '科研项目', null, null, null, null, null, null, null, null, null, null, null, '设计'), ('2015', '信息与计算机工程学院', '计算机科学与技术（信息安全）', '安全2班', '20104434', '白鹤', '13385478952', '2010', '在籍', 'Android系统3D重力球勇闯迷宫大冒险小游戏', 'Rebel Android system 3D Gravity Ball Maze Adventure Games', null, '100005', '科研项目', null, null, null, null, null, null, null, null, null, null, null, '设计'), ('2015', '信息与计算机工程学院', '计算机科学与技术（信息安全）', '安全2班', '20104435', '毕鑫', '14815842102', '2010', '在籍', 'Android系统3D重力球勇闯迷宫大冒险小游戏', 'Rebel Android system 3D Gravity Ball Maze Adventure Games', null, '100007', '科研项目', null, null, null, null, null, null, null, null, null, null, null, '设计'), ('2015', '信息与计算机工程学院', '计算机科学与技术（信息安全）', '安全2班', '20104437', '陈亚力', '14815842102', '2010', '在籍', 'Android系统3D重力球勇闯迷宫大冒险小游戏', 'Rebel Android system 3D Gravity Ball Maze Adventure Games', null, '100010', '科研项目', null, null, null, null, null, null, null, null, null, null, null, '设计'), ('2015', '信息与计算机工程学院', '计算机科学与技术（信息安全）', '安全2班', '20104439', '丁家升', '13385478952', '2010', '在籍', 'Android系统3D重力球勇闯迷宫大冒险小游戏', 'Rebel Android system 3D Gravity Ball Maze Adventure Games', null, '100011', '科研项目', null, null, null, null, null, null, null, null, null, null, null, '设计'), ('2015', '信息与计算机工程学院', '计算机科学与技术（信息安全）', '安全1班', '20104440', '樊德光', '14815842102', '2010', '在籍', 'Android系统3D重力球勇闯迷宫大冒险小游戏', 'Rebel Android system 3D Gravity Ball Maze Adventure Games', null, '100005', '科研项目', null, null, null, null, null, null, null, null, null, null, null, '设计'), ('2015', '信息与计算机工程学院', '计算机科学与技术（信息安全）', '安全1班', '20104441', '顾明辉', '15202365217', '2010', '在籍', 'Android系统3D重力球勇闯迷宫大冒险小游戏', 'Rebel Android system 3D Gravity Ball Maze Adventure Games', null, '100003', '科研项目', null, null, null, null, null, null, null, null, null, null, null, '设计'), ('2015', '信息与计算机工程学院', '计算机科学与技术（信息安全）', '安全1班', '20104442', '郭震', '15548952678', '2010', '在籍', 'Android系统3D重力球勇闯迷宫大冒险小游戏', 'Rebel Android system 3D Gravity Ball Maze Adventure Games', null, '100004', '科研项目', null, null, null, null, null, null, null, null, null, null, null, '设计'), ('2015', '信息与计算机工程学院', '计算机科学与技术（信息安全）', '安全1班', '20104443', '何恒亮', '16259784458', '2010', '在籍', 'Android系统3D重力球勇闯迷宫大冒险小游戏', 'Rebel Android system 3D Gravity Ball Maze Adventure Games', null, '100005', '科研项目', null, null, null, null, null, null, null, null, null, null, null, '设计'), ('2015', '信息与计算机工程学院', '计算机科学与技术（信息安全）', '安全2班', '20104445', '蒋贵', '15202365217', '2010', '在籍', 'Android系统3D重力球勇闯迷宫大冒险小游戏', 'Rebel Android system 3D Gravity Ball Maze Adventure Games', null, '100008', '科研项目', null, null, null, null, null, null, null, null, null, null, null, '设计'), ('2015', '信息与计算机工程学院', '计算机科学与技术（信息安全）', '安全1班', '20104446', '靳红旭', '13385478952', '2010', '在籍', 'Android系统3D重力球勇闯迷宫大冒险小游戏', 'Rebel Android system 3D Gravity Ball Maze Adventure Games', null, '100008', '科研项目', null, null, null, null, null, null, null, null, null, null, null, '设计'), ('2015', '信息与计算机工程学院', '计算机科学与技术（信息安全）', '安全2班', '20104447', '黎晴', '14815842102', '2010', '在籍', 'Android系统3D重力球勇闯迷宫大冒险小游戏', 'Rebel Android system 3D Gravity Ball Maze Adventure Games', null, '100013', '科研项目', null, null, null, null, null, null, null, null, null, null, null, '设计'), ('2015', '信息与计算机工程学院', '计算机科学与技术（信息安全）', '安全1班', '20104448', '李宝才', '15202365217', '2010', '在籍', 'Android系统3D重力球勇闯迷宫大冒险小游戏', 'Rebel Android system 3D Gravity Ball Maze Adventure Games', null, '100007', '科研项目', null, null, null, null, null, null, null, null, null, null, null, '设计'), ('2015', '信息与计算机工程学院', '计算机科学与技术（信息安全）', '安全2班', '20104449', '李康', '15202365217', '2010', '在籍', 'Android系统3D重力球勇闯迷宫大冒险小游戏', 'Rebel Android system 3D Gravity Ball Maze Adventure Games', null, '100002', '科研项目', null, null, null, null, null, null, null, null, null, null, null, '设计'), ('2015', '信息与计算机工程学院', '计算机科学与技术（信息安全）', '安全2班', '20104450', '李鹏程', '14815842102', '2010', '在籍', 'Android系统3D重力球勇闯迷宫大冒险小游戏', 'Rebel Android system 3D Gravity Ball Maze Adventure Games', null, '100001', '科研项目', null, null, null, null, null, null, null, null, null, null, null, '设计'), ('2015', '信息与计算机工程学院', '计算机科学与技术（信息安全）', '安全1班', '20104451', '刘桐烔', '16259784458', '2010', '在籍', 'Android系统3D重力球勇闯迷宫大冒险小游戏', 'Rebel Android system 3D Gravity Ball Maze Adventure Games', null, '100013', '科研项目', null, null, null, null, null, null, null, null, null, null, null, '设计'), ('2015', '信息与计算机工程学院', '计算机科学与技术（信息安全）', '安全2班', '20104452', '穆超', '16259784458', '2010', '在籍', 'Android系统3D重力球勇闯迷宫大冒险小游戏', 'Rebel Android system 3D Gravity Ball Maze Adventure Games', null, '100001', '科研项目', null, null, null, null, null, null, null, null, null, null, null, '设计'), ('2015', '信息与计算机工程学院', '计算机科学与技术（信息安全）', '安全2班', '20104453', '裴胜男', '13385478952', '2010', '在籍', 'Android系统3D重力球勇闯迷宫大冒险小游戏', 'Rebel Android system 3D Gravity Ball Maze Adventure Games', null, '100006', '科研项目', null, null, null, null, null, null, null, null, null, null, null, '设计'), ('2015', '信息与计算机工程学院', '计算机科学与技术（信息安全）', '安全2班', '20104454', '邱雪营', '14815842102', '2010', '在籍', 'Android系统3D重力球勇闯迷宫大冒险小游戏', 'Rebel Android system 3D Gravity Ball Maze Adventure Games', null, '100008', '科研项目', null, null, null, null, null, null, null, null, null, null, null, '设计'), ('2015', '信息与计算机工程学院', '计算机科学与技术（信息安全）', '安全1班', '20104455', '曲文淑', '15202365217', '2010', '在籍', 'Android系统3D重力球勇闯迷宫大冒险小游戏', 'Rebel Android system 3D Gravity Ball Maze Adventure Games', null, '100004', '科研项目', null, null, null, null, null, null, null, null, null, null, null, '设计'), ('2015', '信息与计算机工程学院', '计算机科学与技术（信息安全）', '安全1班', '20104456', '施云聪', '15202365217', '2010', '在籍', 'Android系统3D重力球勇闯迷宫大冒险小游戏', 'Rebel Android system 3D Gravity Ball Maze Adventure Games', null, '100012', '科研项目', null, null, null, null, null, null, null, null, null, null, null, '设计'), ('2015', '信息与计算机工程学院', '计算机科学与技术（信息安全）', '安全2班', '20104457', '宋忠平', '15202365217', '2010', '在籍', 'Android系统3D重力球勇闯迷宫大冒险小游戏', 'Rebel Android system 3D Gravity Ball Maze Adventure Games', null, '100010', '科研项目', null, null, null, null, null, null, null, null, null, null, null, '设计'), ('2015', '信息与计算机工程学院', '计算机科学与技术（信息安全）', '安全1班', '20104458', '孙百川', '16259784458', '2010', '在籍', 'Android系统3D重力球勇闯迷宫大冒险小游戏', 'Rebel Android system 3D Gravity Ball Maze Adventure Games', null, '100011', '科研项目', null, null, null, null, null, null, null, null, null, null, null, '设计'), ('2015', '信息与计算机工程学院', '计算机科学与技术（信息安全）', '安全2班', '20104459', '孙佳宾', '15202365217', '2010', '在籍', 'Android系统3D重力球勇闯迷宫大冒险小游戏', 'Rebel Android system 3D Gravity Ball Maze Adventure Games', null, '100001', '科研项目', null, null, null, null, null, null, null, null, null, null, null, '设计'), ('2015', '信息与计算机工程学院', '计算机科学与技术（信息安全）', '安全1班', '20104460', '佟吉舟', '15202365217', '2010', '在籍', 'Android系统3D重力球勇闯迷宫大冒险小游戏', 'Rebel Android system 3D Gravity Ball Maze Adventure Games', null, '100007', '科研项目', null, null, null, null, null, null, null, null, null, null, null, '设计'), ('2015', '信息与计算机工程学院', '计算机科学与技术（信息安全）', '安全2班', '20104461', '万琦', '15548952678', '2010', '在籍', 'Android系统3D重力球勇闯迷宫大冒险小游戏', 'Rebel Android system 3D Gravity Ball Maze Adventure Games', null, '100009', '科研项目', null, null, null, null, null, null, null, null, null, null, null, '设计'), ('2015', '信息与计算机工程学院', '计算机科学与技术（信息安全）', '安全2班', '20104462', '汪博涛', '16259784458', '2010', '在籍', 'Android系统3D重力球勇闯迷宫大冒险小游戏', 'Rebel Android system 3D Gravity Ball Maze Adventure Games', null, '100012', '科研项目', null, null, null, null, null, null, null, null, null, null, null, '设计'), ('2015', '信息与计算机工程学院', '计算机科学与技术（信息安全）', '安全2班', '20104463', '王冬', '', '2010', '在籍', 'Android系统3D重力球勇闯迷宫大冒险小游戏', 'Rebel Android system 3D Gravity Ball Maze Adventure Games', null, '100015', '科研项目', null, null, null, null, null, null, null, null, null, null, null, '设计'), ('2015', '信息与计算机工程学院', '计算机科学与技术（信息安全）', '安全2班', '20104464', '王慧', '14815842102', '2010', '在籍', 'Android系统3D重力球勇闯迷宫大冒险小游戏', 'Rebel Android system 3D Gravity Ball Maze Adventure Games', null, '100013', '科研项目', null, null, null, null, null, null, null, null, null, null, null, '设计'), ('2015', '信息与计算机工程学院', '计算机科学与技术（信息安全）', '安全1班', '20104465', '王强', '13385478952', '2010', '在籍', 'Android系统3D重力球勇闯迷宫大冒险小游戏', 'Rebel Android system 3D Gravity Ball Maze Adventure Games', null, '100014', '科研项目', null, null, null, null, null, null, null, null, null, null, null, '设计'), ('2015', '信息与计算机工程学院', '计算机科学与技术（信息安全）', '安全2班', '20104466', '王强', '16259784458', '2010', '在籍', 'Android系统3D重力球勇闯迷宫大冒险小游戏', 'Rebel Android system 3D Gravity Ball Maze Adventure Games', null, '100015', '科研项目', null, null, null, null, null, null, null, null, null, null, null, '设计'), ('2015', '信息与计算机工程学院', '计算机科学与技术（信息安全）', '安全2班', '20104467', '王鑫', '15202365217', '2010', '在籍', 'Android系统3D重力球勇闯迷宫大冒险小游戏', 'Rebel Android system 3D Gravity Ball Maze Adventure Games', null, '100004', '科研项目', null, null, null, null, null, null, null, null, null, null, null, '设计'), ('2015', '信息与计算机工程学院', '计算机科学与技术（信息安全）', '安全1班', '20104468', '王照', '14815842102', '2010', '在籍', 'Android系统3D重力球勇闯迷宫大冒险小游戏', 'Rebel Android system 3D Gravity Ball Maze Adventure Games', null, '100013', '科研项目', null, null, null, null, null, null, null, null, null, null, null, '设计'), ('2015', '信息与计算机工程学院', '计算机科学与技术（信息安全）', '安全2班', '20104469', '吴佳瑶', '13385478952', '2010', '在籍', 'Android系统3D重力球勇闯迷宫大冒险小游戏', 'Rebel Android system 3D Gravity Ball Maze Adventure Games', null, '100001', '科研项目', null, null, null, null, null, null, null, null, null, null, null, '设计'), ('2015', '信息与计算机工程学院', '计算机科学与技术（信息安全）', '安全1班', '20104470', '吴乐', '14815842102', '2010', '在籍', 'Android系统3D重力球勇闯迷宫大冒险小游戏', 'Rebel Android system 3D Gravity Ball Maze Adventure Games', null, '100004', '科研项目', null, null, null, null, null, null, null, null, null, null, null, '设计'), ('2015', '信息与计算机工程学院', '计算机科学与技术（信息安全）', '安全1班', '20104471', '吴磊', '15202365217', '2010', '在籍', 'Android系统3D重力球勇闯迷宫大冒险小游戏', 'Rebel Android system 3D Gravity Ball Maze Adventure Games', null, '100011', '科研项目', null, null, null, null, null, null, null, null, null, null, null, '设计'), ('2015', '信息与计算机工程学院', '计算机科学与技术（信息安全）', '安全1班', '20104472', '徐绍炜', '15202365217', '2010', '在籍', 'Android系统3D重力球勇闯迷宫大冒险小游戏', 'Rebel Android system 3D Gravity Ball Maze Adventure Games', null, '100002', '科研项目', null, null, null, null, null, null, null, null, null, null, null, '设计'), ('2015', '信息与计算机工程学院', '计算机科学与技术（信息安全）', '安全1班', '20104473', '杨婷', '15202365217', '2010', '在籍', 'Android系统3D重力球勇闯迷宫大冒险小游戏', 'Rebel Android system 3D Gravity Ball Maze Adventure Games', null, '100014', '科研项目', null, null, null, null, null, null, null, null, null, null, null, '设计'), ('2015', '信息与计算机工程学院', '计算机科学与技术（信息安全）', '安全2班', '20104474', '姚宇', '14815842102', '2010', '在籍', 'Android系统3D重力球勇闯迷宫大冒险小游戏', 'Rebel Android system 3D Gravity Ball Maze Adventure Games', null, '100013', '科研项目', null, null, null, null, null, null, null, null, null, null, null, '设计'), ('2015', '信息与计算机工程学院', '计算机科学与技术（信息安全）', '安全2班', '20104475', '叶晓倩', '14815842102', '2010', '在籍', 'Android系统3D重力球勇闯迷宫大冒险小游戏', 'Rebel Android system 3D Gravity Ball Maze Adventure Games', null, '100012', '科研项目', null, null, null, null, null, null, null, null, null, null, null, '设计'), ('2015', '信息与计算机工程学院', '计算机科学与技术（信息安全）', '安全2班', '20104476', '仪婷', '14815842102', '2010', '在籍', 'Android系统3D重力球勇闯迷宫大冒险小游戏', 'Rebel Android system 3D Gravity Ball Maze Adventure Games', null, '100011', '科研项目', null, null, null, null, null, null, null, null, null, null, null, '设计'), ('2015', '信息与计算机工程学院', '计算机科学与技术（信息安全）', '安全2班', '20104477', '臧美英', '15202365217', '2010', '在籍', 'Android系统3D重力球勇闯迷宫大冒险小游戏', 'Rebel Android system 3D Gravity Ball Maze Adventure Games', null, '100009', '科研项目', null, null, null, null, null, null, null, null, null, null, null, '设计'), ('2015', '信息与计算机工程学院', '计算机科学与技术（信息安全）', '安全2班', '20104478', '曾斯敏', '14815842102', '2010', '在籍', 'Android系统3D重力球勇闯迷宫大冒险小游戏', 'Rebel Android system 3D Gravity Ball Maze Adventure Games', null, '100012', '科研项目', null, null, null, null, null, null, null, null, null, null, null, '设计'), ('2015', '信息与计算机工程学院', '计算机科学与技术（信息安全）', '安全2班', '20104479', '曾竹', '15548952678', '2010', '在籍', 'Android系统3D重力球勇闯迷宫大冒险小游戏', 'Rebel Android system 3D Gravity Ball Maze Adventure Games', null, '100013', '科研项目', null, null, null, null, null, null, null, null, null, null, null, '设计'), ('2015', '信息与计算机工程学院', '计算机科学与技术（信息安全）', '安全1班', '20104480', '张瑞雪', '15202365217', '2010', '在籍', 'Android系统3D重力球勇闯迷宫大冒险小游戏', 'Rebel Android system 3D Gravity Ball Maze Adventure Games', null, '100007', '科研项目', null, null, null, null, null, null, null, null, null, null, null, '设计'), ('2015', '信息与计算机工程学院', '计算机科学与技术（信息安全）', '安全1班', '20104481', '张兴明', '13385478952', '2010', '在籍', 'Android系统3D重力球勇闯迷宫大冒险小游戏', 'Rebel Android system 3D Gravity Ball Maze Adventure Games', null, '100011', '科研项目', null, null, null, null, null, null, null, null, null, null, null, '设计'), ('2015', '信息与计算机工程学院', '计算机科学与技术（信息安全）', '安全1班', '20104482', '张雪', '16259784458', '2010', '在籍', 'Android系统3D重力球勇闯迷宫大冒险小游戏', 'Rebel Android system 3D Gravity Ball Maze Adventure Games', null, '100002', '科研项目', null, null, null, null, null, null, null, null, null, null, null, '设计'), ('2015', '信息与计算机工程学院', '计算机科学与技术（信息安全）', '安全1班', '20104483', '张亚西', '15548952678', '2010', '在籍', 'Android系统3D重力球勇闯迷宫大冒险小游戏', 'Rebel Android system 3D Gravity Ball Maze Adventure Games', null, '100015', '科研项目', null, null, null, null, null, null, null, null, null, null, null, '设计'), ('2015', '信息与计算机工程学院', '计算机科学与技术（信息安全）', '安全1班', '20104485', '朱博然', '15202365217', '2010', '在籍', 'Android系统3D重力球勇闯迷宫大冒险小游戏', 'Rebel Android system 3D Gravity Ball Maze Adventure Games', null, '100009', '科研项目', null, null, null, null, null, null, null, null, null, null, null, '设计');
COMMIT;

-- ----------------------------
--  Table structure for `excel`
-- ----------------------------
DROP TABLE IF EXISTS `excel`;
CREATE TABLE `excel` (
  `eid` int(10) NOT NULL AUTO_INCREMENT,
  `ename` varchar(50) NOT NULL,
  `createDate` datetime NOT NULL,
  PRIMARY KEY (`eid`)
) ENGINE=InnoDB AUTO_INCREMENT=63 DEFAULT CHARSET=utf8;

-- ----------------------------
--  Records of `excel`
-- ----------------------------
BEGIN;
INSERT INTO `excel` VALUES ('27', '2014届计算机专业毕业设计答辩名单（第1组）', '2014-03-15 16:50:23'), ('28', '2014届计算机专业毕业设计答辩名单（第2组）', '2014-03-15 16:50:25'), ('29', '2014届计算机专业毕业设计答辩名单（第3组）', '2014-03-15 16:50:25'), ('30', '2014届计算机专业毕业设计开题名单（第1组）', '2014-03-15 17:01:34'), ('31', '2014届计算机专业毕业设计开题名单（第2组）', '2014-03-15 17:02:24'), ('33', '2014届计算机专业毕业设计开题名单（第3组）', '2014-03-15 17:05:19'), ('34', '2014届计算机专业毕业设计开题名单（第3组）', '2014-03-16 01:52:20'), ('35', '2014届计算机专业毕业设计答辩名单（第2组）', '2014-03-16 02:28:00'), ('36', '2014届计算机专业毕业设计第二次答辩名单', '2014-03-16 02:35:52'), ('37', '2014届计算机专业毕业设计开题名单（第1组）', '2014-03-17 16:31:03'), ('38', '2014届计算机专业毕业设计开题名单（第2组）', '2014-03-17 16:36:09'), ('40', '2014届计算机专业毕业设计开题名单（第1组）', '2014-03-17 16:52:26'), ('41', '2014届计算机专业毕业设计开题名单（第1组）', '2014-03-17 16:54:37'), ('42', '2014届计算机专业毕业设计开题名单（第1组）', '2014-03-17 17:12:06'), ('43', '2014届计算机专业毕业设计答辩名单（第1组）', '2014-03-17 17:26:09'), ('44', '2014届计算机专业毕业设计答辩名单（第4组）', '2014-03-17 17:26:26'), ('45', '2014届计算机专业毕业设计答辩名单（第1组）', '2014-03-17 18:47:07'), ('46', '2014届计算机专业毕业设计第二次答辩名单', '2014-03-17 18:50:08'), ('47', '2014届计算机专业毕业设计第二次答辩名单', '2014-03-20 14:41:03'), ('48', '2015届计算机专业毕业设计开题名单（第1组）', '2014-03-21 15:49:24'), ('49', '2015届计算机专业毕业设计第二次开题名单（第2组）', '2014-03-21 15:55:44'), ('50', '2015届计算机专业毕业设计第一次开题名单（第2组）', '2014-03-21 15:57:04'), ('51', '2015届计算机专业毕业设计答辩名单（第1组）', '2014-03-21 17:27:01'), ('52', '2015届计算机专业毕业设计第二次答辩名单', '2014-03-21 17:58:41'), ('53', '2014届计算机专业毕业设计第一次开题名单（第1组）', '2014-03-21 20:06:43'), ('54', '2014届计算机专业毕业设计第一次开题名单（第2组）', '2014-03-21 20:07:07'), ('55', '2014届计算机专业毕业设计答辩名单（第5组）', '2014-03-21 20:16:43'), ('56', '2014届计算机专业毕业设计答辩名单（第4组）', '2014-03-21 20:16:46'), ('57', '2014届计算机专业毕业设计答辩名单（第1组）', '2014-03-21 20:22:30'), ('58', '2014届计算机专业毕业设计答辩名单（第5组）', '2014-03-21 20:22:32'), ('59', '2014届计算机专业毕业设计答辩名单（第3组）', '2014-03-21 20:22:36'), ('60', '2014届计算机专业毕业设计答辩名单（第4组）', '2014-03-21 20:22:38'), ('61', '2014届计算机专业毕业设计答辩名单（第2组）', '2014-03-21 20:22:40'), ('62', '2014届计算机专业毕业设计第二次答辩名单', '2014-03-21 20:24:14');
COMMIT;

-- ----------------------------
--  Table structure for `log`
-- ----------------------------
DROP TABLE IF EXISTS `log`;
CREATE TABLE `log` (
  `lid` int(10) NOT NULL AUTO_INCREMENT,
  `tid` int(10) DEFAULT NULL,
  `sid` int(10) DEFAULT NULL,
  `columnName` varchar(20) DEFAULT NULL,
  `content` longtext,
  `time` datetime DEFAULT NULL,
  PRIMARY KEY (`lid`)
) ENGINE=InnoDB DEFAULT CHARSET=utf8;

-- ----------------------------
--  Table structure for `notification`
-- ----------------------------
DROP TABLE IF EXISTS `notification`;
CREATE TABLE `notification` (
  `nid` int(10) NOT NULL AUTO_INCREMENT,
  `title` varchar(50) DEFAULT NULL,
  `content` longtext,
  `publish` datetime DEFAULT NULL,
  PRIMARY KEY (`nid`)
) ENGINE=InnoDB AUTO_INCREMENT=5 DEFAULT CHARSET=utf8;

-- ----------------------------
--  Records of `notification`
-- ----------------------------
BEGIN;
INSERT INTO `notification` VALUES ('1', '学校生活用水水质监测情况通报', '我校师生饮用水来源于市政磨盘山自来水，校区供水干线主要来自三个方向，分别是文昌街方向、松新街方向和哈平六道街方向。\n根据《黑龙江省饮用水卫生监督管理规定》要求，我校水箱间管理人员每天对储水箱及储水池进行严格检查，每个月定期对水箱间内外卫生进行彻底打扫，同时对给水设备进行检查和维护。学校每年聘请哈尔滨市哈水贮水容器消毒站在“五.一”和“十.一”假期分别对我校9处水箱及储水池进行消毒清洗。学校每年分两次对全校各处饮用水进行采样，并送黑龙江省、哈尔滨市卫生防疫中心进行水样检测，各项检测结果均符合国家卫生合格标准。历年检测报告均在资产处备案。\n \n                                                                资产管理处\n                                                           二〇一四年三月十八日\n ', '2014-03-18 16:00:31'), ('2', '国际基因工程机器（设计）竞赛（IGEM）团队招募的通知', '各有关单位及个人：\n根据相关文件要求， 我校现开始组织2014年哈尔滨市科学技术奖的申报工作，现将有关事宜通知如下：\n一、申报条件\n（一）符合产业政策和我市高新技术领域发展方向；\n（二）属于下列科技成果之一：\n1、在哈市行政区域内转化、推广应用的科技成果；\n2、在哈中省直市属单位与国内外合作研究开发，通过省级以上科技行政管理部门授权机构主持（组织）验收、鉴定的科技成果；\n3、具有省级以上认定的行业证书（新药、医疗器械、品种审定、专利等）、重点新产品证书，并在市级以上科技行政管理部门登记的科技成果；\n4、鉴定或验收一年以上，并有采纳应用证明的软科学成果；\n5、在公开发行的专业刊物上发表论文一年以上，并有被引用或收录证明的理论研究科技成果。\n（三）科技成果完成时间应在2011年1月1日-2014年5月1日期间。\n二、申报方法\n哈尔滨市科学技术奖励实行网上申报，申报材料分为网上申报材料和纸质申报材料两部分，具体申报方法如下：\n（一）网上申报材料\n申报个人登录哈尔滨市科学技术局网站（www.hrbsti.com），进入“哈尔滨市科技信息管理系统”(http://202.97.251.242/kjj)进入“科技奖励系统”申报，填报完成后提交。具体申报及填写要求如下：\n1、申报人注册，我校的组织机构代码为42400625-4。\n2、根据填报要求在线填报《推荐书》。\n3、上传申报项目相关附件材料：\n（1）研制报告的电子文档；\n（2）省级以上科技行政管理部门授权机构主持（组织）验收、鉴定科技成果的验收证书（鉴定证书）的原件扫描文件，或申报项目所取得的具有省级以上认定的行业证书、重点新产品证书、专利证书原件扫描文件（同时上传科技成果登记表）；\n（3）检测报告或用户意见的原件扫描文件。\n以论文、专著（适用于软科学及医学科技成果）为申报项目的，需上传发表论文刊物的封皮、目录和正文，或上传正式出版著作的封皮、目录和版权页等原件扫描文件作为附件。\n4、两个以上单位共同完成的科技成果，按成果第一完成单位的行政隶属关系申报。\n（二）纸质申报材料\n1、通过市科技局项目管理中心网上审核后，申报人运用《哈尔滨市科技管理信息系统》打印功能，打印《推荐书》一式2份。\n2、相关附件材料（A4纸不超过20页）。\n（1）研制报告；\n（2）省级以上科技行政管理部门授权机构主持（组织）验收、鉴定科技成果的验收证书（鉴定证书）原件及复印件，或申报项目所取得的具有省级以上认定的行业证书、重点新产品证书、专利证书原件及复印件；\n（3）国家认可的检测机构出具的产品检测报告原件及复印件；\n（4）用户意见（原件加盖公章，最多3个不同的用户）；\n（5）直、间接经济效益的填写时间为2011—2013三年的数据（详见填写说明）；\n（6）间接经济效益证明（加盖应用研究单位公章、法人章和财务专用章，最多3个附件）；\n（7）论文、专著（适用于软科学及医学科技成果），最多附5篇论文、专著。在刊物上发表的论文，附刊物封皮、目录和正文的复印件；正式出版的著作，附封皮、目录和版权页的复印件。\n3、所有申报材料装订顺序，按声明函、推荐书及相关附件材料合订成册（A4开本直接竖装，不另加封面，不用塑料封皮）一式2份，并携带相关附件材料的原件，报市科技局科技项目管理中心审核。纸质材料审核通过后，项目申报的相关原件返还。\n三、申报截止时间及材料报送地点\n截止时间：2014年4月21日11：00前。\n报送地点：科学技术研究院知识产权与成果办公室（综合办公楼927室）。\n联 系 人：范金凤\n联系电话：82191659  13101618856\n电子邮箱：kjc@nefu.edu.cn\n                                                                      科学技术研究院\n                                                                          2014年2月21日', '2014-03-18 16:01:08'), ('3', '清明节放假通知', '根据国务院办公厅通知，我校2014年清明节放假安排如下：\n4月5日（星期六，清明节）、4月6日（星期日）放假，4月7日（星期一）补休。4月8日（星期二）起正常上班。\n特此通知。\n \n \n学校办公室\n2014年3月17日\n ', '2014-03-18 16:01:42'), ('4', '关于校领导接待日的通知', '一、本周负责接待工作的校领导\n胡万义副书记\n二、接待时间\n3月19日（本周三）下午2:00——4:00\n三、接待地点\n综合办公楼717隔壁\n四、胡万义副书记分管业务范围及部门\n协助党委书记负责政治保卫工作、工会、关心下一代工作等工作；协助校长负责离退休职工管理、继续教育、计划生育、校园安全、消防、森林防火、实验林场等工作。\n分管部门：党委保卫部（保卫处）、工会（计划生育办公室）、离退休工作处、继续教育学院、森林防火办公室（森林资源监督管理办公室）、帽儿山实验林场（帽儿山教学区）、凉水实验林场。\n联系学院：理学院、交通学院。\n \n \n                                 学校办公室\n                                 2014年3月17日', '2014-03-18 16:03:27');
COMMIT;

-- ----------------------------
--  Table structure for `period`
-- ----------------------------
DROP TABLE IF EXISTS `period`;
CREATE TABLE `period` (
  `year` int(5) NOT NULL,
  PRIMARY KEY (`year`)
) ENGINE=InnoDB DEFAULT CHARSET=utf8;

-- ----------------------------
--  Records of `period`
-- ----------------------------
BEGIN;
INSERT INTO `period` VALUES ('2015');
COMMIT;

-- ----------------------------
--  Table structure for `status`
-- ----------------------------
DROP TABLE IF EXISTS `status`;
CREATE TABLE `status` (
  `period` int(5) NOT NULL,
  `value` int(11) DEFAULT NULL,
  PRIMARY KEY (`period`)
) ENGINE=InnoDB DEFAULT CHARSET=utf8;

-- ----------------------------
--  Records of `status`
-- ----------------------------
BEGIN;
INSERT INTO `status` VALUES ('2014', '0'), ('2015', '4'), ('2016', '0'), ('2017', '0'), ('2018', '0'), ('2019', '0'), ('2020', '0'), ('2021', '0'), ('2022', '0'), ('2023', '0'), ('2024', '0');
COMMIT;

-- ----------------------------
--  Table structure for `sysdate`
-- ----------------------------
DROP TABLE IF EXISTS `sysdate`;
CREATE TABLE `sysdate` (
  `period` int(5) NOT NULL,
  `name` varchar(50) NOT NULL,
  `date` date DEFAULT NULL,
  PRIMARY KEY (`period`,`name`)
) ENGINE=InnoDB DEFAULT CHARSET=utf8;

-- ----------------------------
--  Records of `sysdate`
-- ----------------------------
BEGIN;
INSERT INTO `sysdate` VALUES ('2015', 'firstStart', '2014-03-23'), ('2015', 'secondStart', '2014-03-30');
COMMIT;

-- ----------------------------
--  Table structure for `teacher`
-- ----------------------------
DROP TABLE IF EXISTS `teacher`;
CREATE TABLE `teacher` (
  `tid` int(10) NOT NULL,
  `tname` varchar(10) DEFAULT NULL,
  `profession` varchar(10) DEFAULT NULL,
  `password` varchar(30) DEFAULT NULL,
  PRIMARY KEY (`tid`)
) ENGINE=InnoDB DEFAULT CHARSET=utf8;

-- ----------------------------
--  Records of `teacher`
-- ----------------------------
BEGIN;
INSERT INTO `teacher` VALUES ('100000', '管理员', '管理员', '123'), ('100001', '王阿川', '教授', '123'), ('100002', '董本志', '副教授', '123'), ('100003', '李林辉', '讲师', '123'), ('100004', '任洪娥', '教授', '123'), ('100005', '于慧伶', '副教授', '123'), ('100006', '高心丹', '副教授', '123'), ('100007', '宋宏光', '副教授', '123'), ('100008', '郭继峰', '高级工程师', '123'), ('100009', '侯畅', '讲师', '123'), ('100010', '李丹', '讲师', '123'), ('100011', '王霓虹', '教授', '123'), ('100012', '景维鹏', '工程师', '123'), ('100013', '李瑞改', '讲师', '123'), ('100014', '仉俊峰', '副教授', '123'), ('100015', '徐达丽', '讲师', '123');
COMMIT;

SET FOREIGN_KEY_CHECKS = 1;
